ITEM NO.,PART NUMBER,DESCRIPTION,QTY.
1,COLD-TOWER-MAIN-v002,,1
2,COLD-TOWER-MAIN-BASE-EXTENSION-v001,,1
3,COLD-TOWER-MAIN-BASE-v001,,1
4,SINGLE-NEST-BLOCK-v002,,4
5,NEST-INSERT-TWIN-TEC-PCR-v003,,1
6,SINGLE-NEST-COVER-v002,,4
7,COLD-TOWER-MAIN-COVER-v002,,1
8,92871A244,,4
9,B18.3.1M - 4 x 0.7 x 10 Hex SHCS -- 10NHX,,10
10,B18.3.1M - 4 x 0.7 x 30 Hex SHCS -- 20NHX,,16
11,B18.3.5M - 3 x 0.5 x 8 Socket FCHS  -- 8N,,40
12,B18.3.5M - 6 x 1.0 x 25 Socket FCHS  -- 25N,,4
13,B18.3.5M - 6 x 1.0 x 16 Socket FCHS  -- 16N,,3
14,LASER-MAIN-COVER-v001,,1
