ITEM NO.,PART NUMBER,DESCRIPTION,Link,QTY.
1,CHILLED-POSITION-BASE_V001,Machined aluminum,,1
2,CHILLED-POSITION-BODY_v001,Machined aluminum,,1
3,CHILLED-POSITION-COVER_V001,Machined aluminum,,1
4,5012K470_AIR AND WATER QUICK-DISCONNECT TUBE COUPLING,"Plastic Quick-Disconnect Tube Coupling for Air and Water, Plug with Shut-Off, 1/8 Coupling Size, 1/4 NPT Male",https://www.mcmaster.com/5012K47/,2
5,92871A171,"18-8 Stainless Steel Unthreaded Spacer, 4.500 mm OD, 3 mm Long, for M3 Screw Size",https://www.mcmaster.com/92871A171/,4
6,B18.3.1M - 3 x 0.5 x 10 Hex SHCS -- 10NHX,"18-8 Stainless Steel Socket Head Screw, M3 x 0.5 mm Thread, 10 mm Long", https://www.mcmaster.com/91292A113/,6
7,B18.3.5M - 3 x 0.5 x 16 Socket FCHS  -- 16N,"18-8 Stainless Steel Hex-Drive Flat Head Screw, M3 x 0.5 mm Thread Size, 16 mm Long",https://www.mcmaster.com/92125A134/,4
8,CHILLED-POSITION-FOAM_V001,Laser cut 3mm closed cell foam,,1
9,93375K428,"Used for CHILLED-POSITION-FOAM, 3mm thick closed cell foam, adhesive backed",https://www.mcmaster.com/93375K428/,1
10,93375K27,"Wrapped around assembled block, 1/4"" thick, 1"" wide closed cell foam strip, adhesive backed",https://www.mcmaster.com/93375K27/,1
11,75075A68,"Silicone Sealant, 6.5 FL. oz. Nozzle-Top Can, Clear",https://www.mcmaster.com/75075A68/,1
