ITEM NO.,PART NUMBER,DESCRIPTION,LINK,QTY.
1,COLD-TOWER-MAIN-v003,,,1
2,COLD-TOWER-MAIN-COVER-v003,,,1
3,NEST-INSERT-TWIN-TEC-PCR-v003,,,6
4,SINGLE-NEST-BLOCK-v002,,,6
5,SINGLE-NEST-COVER-v002,,,6
6,COLD-TOWER-MAIN-BASE-EXTENSION-v001,,,1
7,COLD-TOWER-MAIN-BASE-v001,,,1
8,B18.3.5M - 3 x 0.5 x 8 Socket FCHS  -- 8N,,,10
9,B18.3.5M - 6 x 1.0 x 25 Socket FCHS  -- 25N,,,4
10,B18.3.5M - 6 x 1.0 x 16 Socket FCHS  -- 16N,,,3
11,B18.3.1M - 4 x 0.7 x 10 Hex SHCS -- 10NHX,,,14
12,B18.3.1M - 4 x 0.7 x 30 Hex SHCS -- 20NHX,,,24
13,5012K470_AIR AND WATER QUICK-DISCONNECT TUBE COUPLING,"Plastic Quick-Disconnect Tube Coupling for Air and Water, Plug with Shut-Off, 1/8 Coupling Size, 1/4 NPT Male",https://www.mcmaster.com/5012K47/,1
14,93375K428,"Used for CHILLED-POSITION-FOAM, 3mm thick closed cell foam, adhesive backed",https://www.mcmaster.com/93375K428/,1
15,93375K27,"Wrapped around assembled block, 1/4"" thick, 1"" wide closed cell foam strip, adhesive backed",https://www.mcmaster.com/93375K27/,1
16,75075A68,"Silicone Sealant, 6.5 FL. oz. Nozzle-Top Can, Clear",https://www.mcmaster.com/75075A68/,1
17,COLD-TOWER-MAIN-BASE-EXTENSION-INSULATION-v001,"Laser cut (or hand cut) from the 3/16"" thick closed cell foam",,1
18,92871A244,Spacer between base sections,,4
19,93375K429,"Multipurpose Neoprene Foam Strip with Adhesive-Back, Soft, 12"" Wide, 3/16"" Thick, 12"" Long ",https://www.mcmaster.com/93375K429/,1
